{
"ACC": {
	"103" : {"name":"Boston College", "id":103, "color":"111111"},
	"228" : {"name":"Clemson", "id":228, "color":"f35b0f"},
	"150" : {"name":"Duke", "id":150, "color":"004a7b"},
	"52"  : {"name":"Florida State", "id":52, "color":"b72931"},
	"59"  : {"name":"Georgia Tech", "id":59, "color":"000000"},
	"120" : {"name":"Maryland", "id":120, "color":"d60039"},
	"2390": {"name":"Miami", "id":2390, "color":"004325"},
	"153" : {"name":"North Carolina", "id":153, "color":"002942"},
	"152" : {"name":"N.C. State", "id":152, "color":"d60039"},
	"258" : {"name":"Virginia", "id":258, "color":"000066"},
	"259" : {"name":"Virginia Tech", "id":259, "color":"7b2129"},
	"154" : {"name":"Wake Forest", "id":154, "color":"000000"}
},
"Big 12": {
	"239" : {"name":"Baylor", "id":239, "color":"00844a"},
	"66"  : {"name":"Iowa State", "id":66, "color":"d62949"},
	"2305": {"name":"Kansas", "id":2305, "color":"0337b4"},
	"2306": {"name":"Kansas State", "id":2306, "color":"633194"},
	"142" : {"name":"Missouri", "id":142, "color":"000000"},
	"201" : {"name":"Oklahoma", "id":201, "color":"7b0000"},
	"197" : {"name":"Oklahoma State", "id":197, "color":"ff7300"},
	"251" : {"name":"Texas", "id":251, "color":"ef7321"},
	"245" : {"name":"Texas A&M", "id":245, "color":"6A3333"},
	"2641": {"name":"Texas Tech", "id":2641, "color":"d60039"}
},
"Big East": {
	"2312": {"name":"Cincinnati", "id":2132, "color":"000000"},
	"41"  : {"name":"Connecticut", "id":41, "color":"0A1E5B"},
	"97"  : {"name":"Louisville", "id":97, "color":"de0018"},
	"221" : {"name":"Pittsburgh", "id":221, "color":"313169"},
	"164" : {"name":"Rutgers", "id":164, "color":"000000"},
	"58"  : {"name":"South Florida", "id":58, "color":"004231"},
	"183" : {"name":"Syracuse", "id":183, "color":"1A3E86"},
	"277" : {"name":"West Virginia", "id":277, "color":"395ab5"}
},
"Big Ten": {
	"2294": {"name":"Iowa", "id":2294, "color":"000000"},
	"130" : {"name":"Michigan", "id":130, "color":"292942"},
	"127" : {"name":"Michigan State", "id":127, "color":"226b31"},
	"135" : {"name":"Minnesota", "id":135, "color":"752132"},
	"158" : {"name":"Nebraska", "id":158, "color":"fe0d04"},
	"77"  : {"name":"Northwestern", "id":77, "color":"372286"},
	"356" : {"name":"Illinois", "id":356, "color":"f77329"},
	"84"  : {"name":"Indiana", "id":84, "color":"580000"},
	"194" : {"name":"Ohio State", "id":194, "color":"de3129"},
	"213" : {"name":"Penn State", "id":213, "color":"29294a"},
	"2509": {"name":"Purdue", "id":2509, "color":"211818"},
	"275" : {"name":"Wisconsin", "id":275, "color":"c32122"}
},
"Conference USA": {
	"151" : {"name":"East Carolina", "id":151, "color":"4b1869"},
	"276" : {"name":"Marshall", "id":276, "color":"186329"},
	"235" : {"name":"Memphis", "id":235, "color":"29299c"},
	"2572": {"name":"Southern Miss", "id":2572, "color":"FFAA3C"},
	"5"   : {"name":"UAB", "id":5, "color":"000000"},
	"2116": {"name":"Central Florida", "id":2116, "color":"000000"},
	"248" : {"name":"Houston", "id":248, "color":"e73139"},
	"242" : {"name":"Rice", "id":242, "color":"00315a"},
	"2567": {"name":"SMU", "id":2567, "color":"e73139"},
	"2655": {"name":"Tulane", "id":2655, "color":"084a38"},
	"202" : {"name":"Tulsa", "id":202, "color":"004273"},
	"2638": {"name":"UTEP", "id":2638, "color":"ff7339"}
},
"IA Independents": {
	"349 ": {"name":"Army", "id":349, "color":"ce9c00"},
	"252" : {"name":"BYU", "id":252, "color":"002942"},
	"2426": {"name":"Navy", "id":2426, "color":"0f1021"},
	"87"  : {"name":"Notre Dame", "id":87, "color":"313a98"}
},
"Mid-American": {
	"2006": {"name":"Akron", "id":2006, "color":"0A1E5B"},
	"189" : {"name":"Bowling Green", "id":189, "color":"663300"},
	"2084": {"name":"Buffalo", "id":2084, "color":"004a84"},
	"2309": {"name":"Kent State", "id":2309, "color":"212142"},
	"193" : {"name":"Miami (OHIO)", "id":193, "color":"ce2229"},
	"195" : {"name":"Ohio", "id":195, "color":"006342"},
	"218" : {"name":"Temple", "id":218, "color":"bc0138"},
	"2050": {"name":"Ball State", "id":2050, "color":"de0000"},
	"2117": {"name":"Central Michigan", "id":2117, "color":"7b0000"},
	"2199": {"name":"Eastern Michigan", "id":2199, "color":"217038"},
	"2459": {"name":"Northern Illinois", "id":2459, "color":"e73139"},
	"2649": {"name":"Toledo", "id":2649, "color":"00275D"},
	"2711": {"name":"Western Michigan", "id":2711, "color":"825229"}
},
"Mountain West": {
	"2005": {"name":"Air Force", "id":2005, "color":"004a7b"},
	"68"  : {"name":"Boise State", "id":68, "color":"29299c"},
	"36"  : {"name":"Colorado State", "id":36, "color":"008c73"},
	"167" : {"name":"New Mexico", "id":167, "color":"000000"},
	"21"  : {"name":"San Diego State", "id":21, "color":"d60039"},
	"2628": {"name":"TCU", "id":2628, "color":"201852"},
	"2439": {"name":"UNLV", "id":2439, "color":"000000"},
	"2751": {"name":"Wyoming", "id":2751, "color":"523921"}
},
"Pacific-12": {
	"25"  : {"name":"California", "id":25, "color":"002942"},
	"2483": {"name":"Oregon", "id":2483, "color":"044520"},
	"204" : {"name":"Oregon State", "id":204, "color":"000000"},
	"24"  : {"name":"Stanford", "id":24, "color":"b72931"},
	"264" : {"name":"Washington", "id":264, "color":"3E3468"},
	"265" : {"name":"Washington State", "id":265, "color":"94022a"},
	"12"  : {"name":"Arizona", "id":12, "color":"102142"},
	"9"   : {"name":"Arizona State", "id":9, "color":"942139"},
	"38"  : {"name":"Colorado", "id":38, "color":"bd9c00"},
	"26"  : {"name":"UCLA", "id":26, "color":"005a94"},
	"30"  : {"name":"USC", "id":30, "color":"a50010"},
	"254" : {"name":"Utah", "id":254, "color":"ce4242"}
},
"SEC": {
	"57"  : {"name":"Florida", "id":57, "color":"2a42ce"},
	"61"  : {"name":"Georgia", "id":61, "color":"d60022"},
	"96"  : {"name":"Kentucky", "id":96, "color":"003399"},
	"2579": {"name":"South Carolina", "id":2579, "color":"000000"},
	"2633": {"name":"Tennessee", "id":2633, "color":"EE9627"},
	"238" : {"name":"Vanderbilt", "id":238, "color":"000000"},
	"333" : {"name":"Alabama", "id":333, "color":"a42d47"},
	"8"   : {"name":"Arkansas", "id":8, "color":"9c1831"},
	"2"   : {"name":"Auburn", "id":2, "color":"182942"},
	"99"  : {"name":"LSU", "id":99, "color":"2B0D57"},
	"344" : {"name":"Mississippi State", "id":344, "color":"531122"},
	"145" : {"name":"Mississippi", "id":145, "color":"101894"}
},
"Sun Belt": {
	"2032": {"name":"Arkansas State", "id":2032, "color":"e81018"},
	"2226": {"name":"Fla Atlantic", "id":2226, "color":"000099"},
	"2229": {"name":"Florida Intl", "id":2229, "color":"091731"},
	"309" : {"name":"La Lafayette", "id":309, "color":"ce2842"},
	"2433": {"name":"Louisiana Monroe", "id":2433, "color":"000000"},
	"2393": {"name":"Middle Tennessee State", "id":2393, "color":"1842d6"},
	"249" : {"name":"North Texas", "id":249, "color":"006342"},
	"2653": {"name":"Troy", "id":2653, "color":"843131"},
	"98"  : {"name":"Western Kentucky", "id":98, "color":"000000"}
},
"WAC": {
    "278":	{"name":"Fresno State", "id":278, "color":"e73139"},
    "62":	{"name":"Hawaii", "id":62, "color":"004231"},
    "70":	{"name":"Idaho", "id":70, "color":"000000"},
    "2348":	{"name":"Louisiana Tech", "id":2348, "color":"3129e7"},
    "2440":	{"name":"Nevada", "id":2440, "color":"084a73"},
    "166":	{"name":"New Mexico State", "id":166, "color":"730000"},
    "23":	{"name":"San Jose State", "id":23, "color":"005a94"},
    "328":	{"name":"Utah State", "id":328, "color":"020767"}
},
"Big Sky": {
    "331":	{"name":"Eastern Wash.", "id":331, "color":"d72d35"},
    "304":	{"name":"Idaho State", "id":304, "color":"ef8c00"},
    "149":	{"name":"Montana", "id":149, "color":"63104a"},
    "147":	{"name":"Montana State", "id":147, "color":"010670"},
    "2464":	{"name":"Northern Arizona", "id":2464, "color":"001894"},
    "2458":	{"name":"Northern Colorado", "id":2458, "color":"003399"},
    "2502":	{"name":"Portland State", "id":2502, "color":"005e60"},
    "16":	{"name":"Sacramento State", "id":16, "color":"145f52"},
    "2692":	{"name":"Weber State", "id":2692, "color":"18005a"}
},
"Big South": {
    "2127":	{"name":"Charleston Southern", "id":2127, "color":"2e3192"},
    "324":	{"name":"Coastal Carolina", "id":324, "color":"59a0a0"},
    "2241":	{"name":"Gardner Webb", "id":2241, "color":"CF0000"},
    "2335":	{"name":"Liberty", "id":2335, "color":"000073"},
    "2506": {"name":"Presbyterian", "id":2506, "color":"003372"},
    "2619":	{"name":"Stony Brook", "id":2619, "color":"003559"},
    "2678":	{"name":"Virginia Military Institue", "id":2678, "color":"000000"}
},
"CAA": {
    "48":	{"name":"Delaware", "id":48, "color":"285998"},
    "256":	{"name":"James Madison", "id":256, "color":"0f1358"},
    "311":	{"name":"Maine", "id":311, "color":"000000"},
    "113":	{"name":"Massachusetts", "id":113, "color":"ac0d1e"},
    "160":	{"name":"New Hampshire", "id":160, "color":"004371"},
    "295"  : {"name":"Old Dominion", "id":295, "color":"003665"},
    "227":	{"name":"Rhode Island", "id":227, "color":"003366"},
    "257":	{"name":"Richmond", "id":257, "color":"004371"},
    "119":	{"name":"Towson", "id":119, "color":"F3AE22"},
    "222":	{"name":"Villanova", "id":222, "color":"006699"},
    "2729":	{"name":"William & Mary", "id":2729, "color":"00423e"}
},
"Great West": {
    "13":	{"name":"Cal Poly", "id":13, "color":"083808"},
    "155"  : {"name":"North Dakota", "id":155, "color":"702D07"},
    "233"  : {"name":"South Dakota", "id":233, "color":"702D07"},
    "253":	{"name":"Southern Utah", "id":253, "color":"d10000"},
    "302":	{"name":"UC Davis", "id":302, "color":"103670"}
},
"IAA Independents": {
    "2247": {"name": "Georgia State", "id":2247, "color":"1E539A"},
    "2636": {"name": "Texas-San Antonio", "id":2636, "color":"113B7D"}
},
"Ivy": {
    "225":	{"name":"Brown", "id":225, "color":"54413a"},
    "171":	{"name":"Columbia", "id":171, "color":"00295a"},
    "172":	{"name":"Cornell", "id":172, "color":"d60027"},
    "159":	{"name":"Dartmouth", "id":159, "color":"005730"},
    "108":	{"name":"Harvard", "id":108, "color":"990000"},
    "219":	{"name":"Pennsylvania", "id":219, "color":"B10021"},
    "163":	{"name":"Princeton", "id":163, "color":"ff9408"},
    "43":	{"name":"Yale", "id":43, "color":"004a81"}
},
"MEAC": {
    "2065":	{"name":"Bethune-Cookman", "id":2065, "color":"7b1831"},
    "2169":	{"name":"Delaware State", "id":2169, "color":"FF3630"},
    "50":	{"name":"Florida A&M", "id":50, "color":"ff7329"},
    "2261":	{"name":"Hampton", "id":2261, "color":"0067AC"},
    "47":	{"name":"Howard", "id":47, "color":"9e0b0e"},
    "2415":	{"name":"Morgan State", "id":2415, "color":"0505aa"},
    "2450":	{"name":"Norfolk State", "id":2450, "color":"08614f"},
    "2448":	{"name":"North Carolina A&T", "id":2448, "color":"0505aa"},
    "2428": {"name":"North Carolina Central", "id":2428, "color":"860016"},
    "2542":	{"name":"Savannah State", "id":2542, "color":"330099"},
    "2569":	{"name":"South Carolina State", "id":2569, "color":"7d1315"}
},
"Missouri Valley": {
    "2287":	{"name":"Illinois State", "id":2287, "color":"d72d35"},
    "282":	{"name":"Indiana State", "id":282, "color":"00669a"},
    "2623":	{"name":"Missouri State", "id":2623, "color":"4a0010"},
    "2449":	{"name":"North Dakota State", "id":2449, "color":"006421"},
    "2460":	{"name":"Northern Iowa", "id":2460, "color":"130671"},
    "2571":	{"name":"South Dakota State", "id":2571, "color":"00256f"},
    "79":	{"name":"Southern Illinois", "id":79, "color":"85283D"},
    "2710":	{"name":"Western Illinois", "id":2710, "color":"4e1e8a"},
    "2754":	{"name":"Youngstown State", "id":2754, "color":"961f22"}
},
"Northeast": {
    "399":	{"name":"Albany", "id":399, "color":"56438E"},
    "2803": {"name":"Bryant University", "id":2803, "color":"702D07"},
    "2115":	{"name":"Central Connecticut State", "id":2115, "color":"1e489c"},
    "2184":	{"name":"Duquesne", "id":2184, "color":"283a61"},
    "2405":	{"name":"Monmouth", "id":2405, "color":"0d217b"},
    "2523":	{"name":"Robert Morris", "id":2523, "color":"3d4262"},
    "2529":	{"name":"Sacred Heart", "id":2529, "color":"bb003a"},
    "2598":	{"name":"St. Francis (PA)", "id":2598, "color":"a20012"},
    "2681":	{"name":"Wagner", "id":2681, "color":"003e22"}
},
"Ohio Valley": {
    "2046":	{"name":"Austin Peay", "id":2046, "color":"8e0b0b"},
    "2197":	{"name":"Eastern Illinois", "id":2197, "color":"000000"},
    "2198":	{"name":"Eastern Kentucky", "id":2198, "color":"800000"},
    "55":	{"name":"Jacksonville State", "id":55, "color":"c61018"},
    "93":	{"name":"Murray State", "id":93, "color":"182356"},
    "2546":	{"name":"Southeast Missouri State", "id":2546, "color":"cc0000"},
    "2634":	{"name":"Tennessee State", "id":2634, "color":"21398c"},
    "2635":	{"name":"Tennessee Tech", "id":2635, "color":"440e62"},
    "2630":	{"name":"Tennessee-Martin", "id":2630, "color":"000099"}
},
"Patriot League": {
    "2083":	{"name":"Bucknell", "id":2083, "color":"000060"},
    "2142":	{"name":"Colgate", "id":2142, "color":"910028"},
    "2230":	{"name":"Fordham", "id":2230, "color":"a50019"},
    "46"  : {"name":"Georgetown", "id":46, "color":"001B50"},
    "107":	{"name":"Holy Cross", "id":107, "color":"0a0a0a"},
    "322":	{"name":"Lafayette", "id":322, "color":"790000"},
    "2329":	{"name":"Lehigh", "id":2329, "color":"6c2b2a"}
},
"Pioneer": {
    "2086":	{"name":"Butler", "id":2086, "color":"0d1361"},
    "2097": {"name":"Campbell", "id":2097, "color":"000000"},
    "2166":	{"name":"Davidson", "id":2166, "color":"000000"},
    "2168":	{"name":"Dayton", "id":2168, "color":"e50b0d"},
    "2181":	{"name":"Drake", "id":2181, "color":"0d1361"},
    "294":	{"name":"Jacksonville", "id":294, "color":"008568"},
    "2368":	{"name":"Marist", "id":2368, "color":"e53730"},
    "2413":	{"name":"Morehead State", "id":2413, "color":"29109c"},
    "301":	{"name":"San Diego", "id":301, "color":"0d1361"},
    "2674":	{"name":"Valparaiso", "id":2674, "color":"000000"}
},
"Southern": {
    "2026":	{"name":"Appalachian State", "id":2026, "color":"000000"},
    "236":	{"name":"Chattanooga", "id":236, "color":"253b81"},
    "2643":	{"name":"Citadel", "id":2643, "color":"000000"},
    "2210":	{"name":"Elon", "id":2210, "color":"020303"},
    "231":	{"name":"Furman", "id":231, "color":"4A2184"},
    "290":	{"name":"Georgia Southern", "id":290, "color":"0a3861"},
    "2535":	{"name":"Samford", "id":2535, "color":"005485"},
    "2717":	{"name":"Western Carolina", "id":2717, "color":"6e268b"},
    "2747":	{"name":"Wofford", "id":2747, "color":"000000"}
},
"Southland": {
    "2110": {"name":"Central Arkansas", "id":2110, "color":"A7A9AC"},
    "2320": {"name":"Lamar", "id":2320, "color":"0000"},
    "2377":	{"name":"McNeese State", "id":2377, "color":"003366"},
    "2447":	{"name":"Nicholls State", "id":2447, "color":"2a5074"},
    "2466":	{"name":"Northwestern State", "id":2466, "color":"68565f"},
    "2534":	{"name":"Sam Houston State", "id":2534, "color":"FF7800"},
    "2545":	{"name":"Southeastern Louisiana", "id":2545, "color":"205228"},
    "2617":	{"name":"Stephen F. Austin", "id":2617, "color":"230d3c"}
},
"SWAC": {
    "2010":	{"name":"Alabama A&M", "id":2010, "color":"790000"},
    "2011":	{"name":"Alabama State", "id":2011, "color":"603913"},
    "2016":	{"name":"Alcorn State", "id":2016, "color":"C1B881"},
    "2296":	{"name":"Jackson State", "id":2296, "color":"123297"},
    "2400":	{"name":"Mississippi Valley State", "id":2400, "color":"054105"},
    "2029":	{"name":"Arkansas-Pine Bluff", "id":2029, "color":"000000"},
    "2755":	{"name":"Grambling State", "id":2755, "color":"ee8601"},
    "2504":	{"name":"Prairie View A&M", "id":2504, "color":"4d0960"},
    "2582":	{"name":"Southern University", "id":2582, "color":"291b4c"},
    "2640":	{"name":"Texas Southern", "id":2640, "color":"680100"}
}
}
